fetch_utc	label	lp_http	lp_calllimit_remaining	sb_calllimit_remaining	lp_bytes	lp_etag	lp_status	lp_period	lp_clock	lp_possession	lp_down	lp_distance	lp_yardsToGoal	lp_plays	lp_last_play	lp_last_clock	lp_last_wallClock	sb_status	sb_period	sb_clock	sb_possession	sb_situation	sb_lastPlay	sb_score_away_home
20260925T002052Z	r01	200	74794	74795	20673	W/"50c1-SKNdzTjM4yago+vm+A/7Mys5/no"	In Progress	1	3:05	Liberty	1	10	49	39	Kickoff	3:05	2026-09-25T00:16:35.000Z	in_progress	1	03:05	None	None	(C. Reeves KICK)	10-3
20260925T002056Z	r02-inm	304	74793	74794	0	W/"50c1-SKNdzTjM4yago+vm+A/7Mys5/no"	(304, no body)											in_progress	1	03:05	None	None	(C. Reeves KICK)	10-3
20260925T002814Z	r03	200	74792	74793	20673	W/"50c1-SKNdzTjM4yago+vm+A/7Mys5/no"	In Progress	1	3:05	Liberty	1	10	49	39	Kickoff	3:05	2026-09-25T00:16:35.000Z	in_progress	1	03:05	None	None	(C. Reeves KICK)	10-3
20260925T003514Z	r04	200	74791	74792	23806	W/"5cfe-6J/7f17njMJRNcYalrfYAnEOH7k"	In Progress	1	0:45	Coastal Carolina	4	7	35	46	Rush	0:45	2026-09-25T00:34:29.000Z	in_progress	1	01:31	home	2nd & 15 at LIB 43	(01:42) Shotgun #2 D.Bailey pass incomplete short left to #1 R.Washington thrown to LIB40 	10-3
20260925T004215Z	r05	200	74790	74791	25727	W/"647f-t2aLVgY6JdSZ51wA/GqfVYthdAQ"	End of Period	1	0:00	Liberty	2	10	76	50	End Period	0:00	2026-09-25T00:37:48.000Z	in_progress	1	00:00	away	2nd & 10 at LIB 24	End of 1st quarter.	10-3
20260925T004915Z	r06	200	74789	74790	29323	W/"728b-ceYCUHLNJ/8+72lHBkxQS1tTMc0"	In Progress	2	11:00	Liberty	0	1	44	58	Timeout	11:00	2026-09-25T00:46:54.000Z	in_progress	2	11:00	None	None	Timeout Liberty, clock 11:00	10-3
20260925T005215Z	pairA1	200	74788	74789	29768	W/"7448-urXQ2J7L8amm9+cYS2kk8BKTNjc"	In Progress	2	10:50	Liberty	4	9	52	59	Sack	10:49	2026-09-25T00:50:45.000Z	in_progress	2	10:58	None	None	Timeout Liberty, clock 11:00	10-3
20260925T005255Z	pairA2	200	74787	74788	30285	W/"764d-yDYdwR1PS4BwEiHdlDmVb4mbqmA"	In Progress	2	10:27	Liberty	2	7	31	60	Rush	10:27	2026-09-25T00:52:07.000Z	in_progress	2	10:50	away	4th & 9 at LIB 48	(10:58) No Huddle-Shotgun #5 D.Purdie sacked for loss of 8 yards to the LIB48 (#11 B.Starn	10-3
20260925T005336Z	pairA3	200	74786	74787	30777	W/"7839-oGI7zJlxhK56HpseVGnxMCOkwHg"	In Progress	2	9:54	Liberty	1	10	23	61	Pass Reception	9:54	2026-09-25T00:52:41.000Z	in_progress	2	10:50	away	4th & 9 at LIB 48	(10:58) No Huddle-Shotgun #5 D.Purdie sacked for loss of 8 yards to the LIB48 (#11 B.Starn	10-3
20260925T005616Z	r07	200	74785	74786	30876	W/"789c-V93PLAYcMnmSiPS8TvxRx6A1gtc"	In Progress	2	9:42	Liberty	1	10	11	61	Pass Reception	9:54	2026-09-25T00:52:41.000Z	in_progress	2	09:54	away	1st & 10 at CCU 23	(09:57) No Huddle-Shotgun #5 D.Purdie pass complete short right to #88 Z.Wimbush caught at	10-3
20260925T011412Z	r08	200	74784	74785	41138	W/"a0b2-hSY5YR8jXFgTr5aJlvCnrCHmpro"	In Progress	2	2:00	Liberty	0	10	18	82	Timeout	2:00	2026-09-25T01:13:02.000Z	in_progress	2	02:00	None	None	Timeout Liberty, clock 02:00	10-10
20260925T012112Z	r09	200	74783	74784	43049	W/"a829-SpUsp6uxLck03xZUL8ujE7/5nLs"	In Progress	2	1:32	Liberty	1	10	80	86	Punt	1:32	2026-09-25T01:20:40.000Z	in_progress	2	01:33	away	4th & 26 at CCU 34	(01:41) No Huddle-Shotgun #5 D.Purdie sacked for loss of 8 yards to the CCU34 (#1 I.Diawar	10-10
20260925T012813Z	r10	200	74782	74783	46055	W/"b3e7-S/eEJhvFLkwyvWXghls33pzy4wo"	In Progress	2	0:44	Coastal Carolina	0	3	45	92	Timeout	0:42	2026-09-25T01:27:25.000Z	in_progress	2	00:50	home	3rd & 3 at LIB 45	(00:55) Shotgun #2 D.Bailey pass complete short middle to #8 C.Coppock caught at LIB46, fo	10-10
20260925T013514Z	r11	200	74781	74782	49637	W/"c1e5-e2QB/fMRYXuls14zQlWT6En5UNw"	In Progress	2	0:00	Liberty	2	10	82	99	End Period	0:00	2026-09-25T01:34:28.000Z	in_progress	2	00:17	None	None	(N. Cavanillas Alti KICK)	10-17
20260925T014215Z	r12	200	74780	74781	49648	W/"c1f0-H3doy+U0rcNUkjkodmUr4Ms4yiQ"	Halftime	2	0:00	Liberty	2	10	82	99	End Period	0:00	2026-09-25T01:34:28.000Z	in_progress	2	00:00	None	None	End of 2nd quarter.	10-17
20260925T014915Z	r13	200	74779	74780	49648	W/"c1f0-H3doy+U0rcNUkjkodmUr4Ms4yiQ"	Halftime	2	0:00	Liberty	2	10	82	99	End Period	0:00	2026-09-25T01:34:28.000Z	in_progress	2	00:00	None	None	End of 2nd quarter.	10-17
20260925T015616Z	r14	200	74778	74779	49648	W/"c1f0-H3doy+U0rcNUkjkodmUr4Ms4yiQ"	Halftime	2	0:00	Liberty	2	10	82	99	End Period	0:00	2026-09-25T01:34:28.000Z	in_progress	2	00:00	None	None	End of 2nd quarter.	10-17
20260925T020521Z	r15	200	74777	74778	55136	W/"d760-QupWtam8ghAVe28vf6UF1RzSARo"	In Progress	3	11:05	Coastal Carolina	4	8	69	109	Pass Reception	11:13	2026-09-25T02:04:00.000Z	in_progress	3	11:50	home	2nd & 16 at CCU 23	(12:26) Shotgun #2 D.Bailey rush left for 2 yards gain to the CCU35 (#94 N.Pirolli) PENALT	17-17
20260925T021221Z	r16	200	74776	74777	57286	W/"dfc6-hc9u1ezk/VLTju9tVF+gjpOUnTc"	In Progress	3	8:59	Liberty	1	10	32	113	Rush	9:35	2026-09-25T02:10:47.000Z	in_progress	3	10:10	away	2nd & 3 at CCU 45	(10:13) No Huddle-Shotgun #5 D.Purdie rush middle for 7 yards gain to the CCU45 (#18 J.Tho	17-17
20260925T021922Z	r17	200	74775	74776	60409	W/"ebf9-UCksyI2mOUDavZ3EiCV+lw9uK2Q"	In Progress	3	4:55	Liberty	0	3	7	120	Timeout	5:19	2026-09-25T02:15:45.000Z	in_progress	3	04:55	None	None	Timeout Liberty, clock 05:19	17-17
20260925T022623Z	r18	200	74774	74775	64875	W/"fd6b-3gJAUu3yMpdT6utpo3ncRX0xOYw"	In Progress	3	1:57	Coastal Carolina	1	10	45	129	Sack	1:57	2026-09-25T02:25:37.000Z	in_progress	3	02:46	home	3rd & 17 at CCU 40	(02:54) Shotgun #2 D.Bailey pass incomplete short right to #0 K.English thrown to LIB47	20-17
20260925T023324Z	r19	200	74773	74774	67406	W/"1074e-pMqMk4AevmQcI6Tu9Hf4bRurwr4"	In Progress	3	0:13	Liberty	0	10	31	134	Timeout	0:34	2026-09-25T02:32:18.000Z	in_progress	3	00:34	away	1st & 10 at CCU 31	(01:16) No Huddle-Shotgun #4 K.Davis rush middle for 7 yards gain to the CCU31 (#1 I.Diawa	20-17
20260925T024025Z	r20	200	74772	74773	68641	W/"10c21-DmQHGxyYJkqql+DkxiZWLYsBHPQ"	In Progress	4	13:41	Liberty	2	1	8	137	Rush	13:41	2026-09-25T02:39:44.000Z	in_progress	3	00:00	away	1st & 10 at CCU 31	End of 3rd quarter.	20-17
20260925T024726Z	r21	200	74772	74773	71792	W/"11870-u8AndO+6zNWihCt30wqKMrIN2qY"	In Progress	4	12:06	Liberty	1	10	75	143	Kickoff	12:06	2026-09-25T02:43:18.000Z	in_progress	4	12:06	None	None	(C. Reeves KICK)	27-17
20260925T025427Z	r22	200	74771	74772	75119	W/"1256f-eBjsN+kMz+iht++l0/6EOmJjmms"	In Progress	4	9:48	Coastal Carolina	1	10	62	150	Punt Return	9:48	2026-09-25T02:52:52.000Z	in_progress	4	09:48	home	3rd & 32 at CCU 14	(10:01) Shotgun #2 D.Bailey pass incomplete short left to #5 G.Lawrence PENALTY CCU Illega	27-17
20260925T030129Z	r23	200	74770	74771	76793	W/"12bf9-a5e1CHZDb6/IYC9yeGvFpwTZzYY"	In Progress	4	7:49	Liberty	2	4	60	153	Fumble	8:30	2026-09-25T02:57:29.000Z	in_progress	4	07:49	away	2nd & 4 at CCU 40	(08:30) No Huddle-Shotgun #7 P.Jones rush middle for 6 yards gain to the CCU40 (#4 M.Pulli	27-17
20260925T030831Z	r24	200	74769	74770	79517	W/"1369d-kvSChmeVpd0o6gOaruhGscKoBFk"	In Progress	4	5:52	Coastal Carolina	1	10	82	158	Punt	5:52	2026-09-25T03:05:35.000Z	in_progress	4	07:49	away	2nd & 4 at CCU 40	(08:30) No Huddle-Shotgun #7 P.Jones rush middle for 6 yards gain to the CCU40 (#4 M.Pulli	27-17
20260925T031531Z	r25	200	74768	74769	83267	W/"14543-c7/mjcVefzOA7UaRDjH/eatMSj8"	In Progress	4	3:35	Coastal Carolina	3	8	70	165	Pass Reception	3:57	2026-09-25T03:14:28.000Z	in_progress	4	04:06	home	1st & 10 at CCU 28	(04:15) #49 S.Crossan punt 54 yards to the CCU28 fair catch by #1 R.Washington at CCU28	27-17
20260925T032232Z	r26	200	74767	74768	86419	W/"15193-BnxGQ7b9Y7GuivYFrFxFQJjz4No"	In Progress	4	1:59	Coastal Carolina	1	10	75	172	Sack	1:59	2026-09-25T03:20:26.000Z	in_progress	4	01:59	away	1st & 10 at CCU 40	(01:59) Shotgun #2 D.Bailey pass incomplete short middle thrown to CCU25, TURNOVER ON DOWN	27-17
20260925T032933Z	r27	200	74766	74767	88718	W/"15a8e-/V8WErsMLdPxpQRw0FAASj/KGw4"	In Progress	4	1:02	Liberty	-1	0	0	176	Passing Touchdown	1:02	2026-09-25T03:27:18.000Z	in_progress	4	01:02	None	None	(T. Black KICK)	34-17
20260925T033633Z	r28	200	74765	74766	91437	W/"1652d-HYBsZn7XKbxRgc+LeJdOep2SrZ8"	In Progress	4	0:00	Liberty	2	10	53	181	End of Game	0:00	2026-09-25T03:35:15.000Z	in_progress	4	00:00	away	None	End of 4th quarter.	34-17
20260925T034334Z	r29	200	74764	74765	91436	W/"1652c-vRab+OjrIwYOEQNsKbrB5Pyo+qE"	Final	None			None	None	None	181	End of Game	0:00	2026-09-25T03:35:15.000Z	completed	None	None	None	None	End of 4th quarter.	34-17
20260925T035850Z	post15-inm	304	74763	74764	0	W/"1652c-vRab+OjrIwYOEQNsKbrB5Pyo+qE"	(304, no body)											completed	None	None	None	None	End of 4th quarter.	34-17
